,Name,Text,URL
0,CASEID,CASE ID#,https://www.icpsr.umich.edu/icpsrweb/ICPSR/studies/06693/datasets/0002/variables/CASEID?archive=ICPSR
1,MANONS,MANIA ONSET,https://www.icpsr.umich.edu/icpsrweb/ICPSR/studies/06693/datasets/0002/variables/MANONS?archive=ICPSR
2,MANONSA,MANIA ONSET AGE,https://www.icpsr.umich.edu/icpsrweb/ICPSR/studies/06693/datasets/0002/variables/MANONSA?archive=ICPSR
3,MANREC,MANIA RECENCY,https://www.icpsr.umich.edu/icpsrweb/ICPSR/studies/06693/datasets/0002/variables/MANREC?archive=ICPSR
4,MANRECA,MANIA RECENCY AGE,https://www.icpsr.umich.edu/icpsrweb/ICPSR/studies/06693/datasets/0002/variables/MANRECA?archive=ICPSR
5,DEPONS,MAJOR DEPRESSION ONSET,https://www.icpsr.umich.edu/icpsrweb/ICPSR/studies/06693/datasets/0002/variables/DEPONS?archive=ICPSR
6,DEPONSA,MAJOR DEPRESSION ONSET AGE,https://www.icpsr.umich.edu/icpsrweb/ICPSR/studies/06693/datasets/0002/variables/DEPONSA?archive=ICPSR
7,DEPREC,MAJOR DEPRESSION RECENCY,https://www.icpsr.umich.edu/icpsrweb/ICPSR/studies/06693/datasets/0002/variables/DEPREC?archive=ICPSR
8,DEPRECA,MAJOR DEPRESSION RECENCY AGE,https://www.icpsr.umich.edu/icpsrweb/ICPSR/studies/06693/datasets/0002/variables/DEPRECA?archive=ICPSR
9,DYSONS,DYSTHYMIA ONSET,https://www.icpsr.umich.edu/icpsrweb/ICPSR/studies/06693/datasets/0002/variables/DYSONS?archive=ICPSR
10,DYSONSA,DYSTHYMIA ONSET AGE NEW 4/20/93,https://www.icpsr.umich.edu/icpsrweb/ICPSR/studies/06693/datasets/0002/variables/DYSONSA?archive=ICPSR
11,DYSREC,DYSTHYMIA RECENCY,https://www.icpsr.umich.edu/icpsrweb/ICPSR/studies/06693/datasets/0002/variables/DYSREC?archive=ICPSR
12,DYSRECA,DYSTHYMIA RECENCY AGE,https://www.icpsr.umich.edu/icpsrweb/ICPSR/studies/06693/datasets/0002/variables/DYSRECA?archive=ICPSR
13,GADONS,GAD ONSET,https://www.icpsr.umich.edu/icpsrweb/ICPSR/studies/06693/datasets/0002/variables/GADONS?archive=ICPSR
14,GADONSA,GAD ONSET AGE,https://www.icpsr.umich.edu/icpsrweb/ICPSR/studies/06693/datasets/0002/variables/GADONSA?archive=ICPSR
15,GADREC,GAD RECENCY,https://www.icpsr.umich.edu/icpsrweb/ICPSR/studies/06693/datasets/0002/variables/GADREC?archive=ICPSR
16,GADRECA,GAD RECENCY AGE,https://www.icpsr.umich.edu/icpsrweb/ICPSR/studies/06693/datasets/0002/variables/GADRECA?archive=ICPSR
17,PTONS,PANIC ATTACK ONSET,https://www.icpsr.umich.edu/icpsrweb/ICPSR/studies/06693/datasets/0002/variables/PTONS?archive=ICPSR
18,PTONSA,PANIC ATTACK ONSET AGE,https://www.icpsr.umich.edu/icpsrweb/ICPSR/studies/06693/datasets/0002/variables/PTONSA?archive=ICPSR
19,PTREC,PANIC ATTACK RECENCY,https://www.icpsr.umich.edu/icpsrweb/ICPSR/studies/06693/datasets/0002/variables/PTREC?archive=ICPSR
20,PTRECA,PANIC ATTACK RECENCY AGE,https://www.icpsr.umich.edu/icpsrweb/ICPSR/studies/06693/datasets/0002/variables/PTRECA?archive=ICPSR
21,PDONS,PANIC DISORDER ONSET,https://www.icpsr.umich.edu/icpsrweb/ICPSR/studies/06693/datasets/0002/variables/PDONS?archive=ICPSR
22,PDONSA,PANIC DISORDER ONSET AGE,https://www.icpsr.umich.edu/icpsrweb/ICPSR/studies/06693/datasets/0002/variables/PDONSA?archive=ICPSR
23,PDREC,PANIC DISORDER RECENCY,https://www.icpsr.umich.edu/icpsrweb/ICPSR/studies/06693/datasets/0002/variables/PDREC?archive=ICPSR
24,PDRECA,PANIC DISORDER RECENCY AGE,https://www.icpsr.umich.edu/icpsrweb/ICPSR/studies/06693/datasets/0002/variables/PDRECA?archive=ICPSR
25,AGONS,AGO WITH OR W-O PANIC ONSET,https://www.icpsr.umich.edu/icpsrweb/ICPSR/studies/06693/datasets/0002/variables/AGONS?archive=ICPSR
26,AGONSA,AGO WITH OR W-O PANIC ONSET AGE,https://www.icpsr.umich.edu/icpsrweb/ICPSR/studies/06693/datasets/0002/variables/AGONSA?archive=ICPSR
27,AGREC,AGO WITH OR W-O PANIC RECENCY,https://www.icpsr.umich.edu/icpsrweb/ICPSR/studies/06693/datasets/0002/variables/AGREC?archive=ICPSR
28,AGRECA,AGO WITH OR W-O PANIC REC AGE,https://www.icpsr.umich.edu/icpsrweb/ICPSR/studies/06693/datasets/0002/variables/AGRECA?archive=ICPSR
29,SIMONS,SIMPLE PHOBIA ONSET,https://www.icpsr.umich.edu/icpsrweb/ICPSR/studies/06693/datasets/0002/variables/SIMONS?archive=ICPSR
30,SIMONSA,SIMPLE PHOBIA ONSET AGE,https://www.icpsr.umich.edu/icpsrweb/ICPSR/studies/06693/datasets/0002/variables/SIMONSA?archive=ICPSR
31,SIMREC,SIMPLE PHOBIA RECENCY,https://www.icpsr.umich.edu/icpsrweb/ICPSR/studies/06693/datasets/0002/variables/SIMREC?archive=ICPSR
32,SIMRECA,SIMPLE PHOBIA RECENCY AGE,https://www.icpsr.umich.edu/icpsrweb/ICPSR/studies/06693/datasets/0002/variables/SIMRECA?archive=ICPSR
33,SOCONS,SOCIAL PHOBIA ONSET,https://www.icpsr.umich.edu/icpsrweb/ICPSR/studies/06693/datasets/0002/variables/SOCONS?archive=ICPSR
34,SOCONSA,SOCIAL PHOBIA ONSET AGE,https://www.icpsr.umich.edu/icpsrweb/ICPSR/studies/06693/datasets/0002/variables/SOCONSA?archive=ICPSR
35,SOCREC,SOCIAL PHOBIA RECENCY,https://www.icpsr.umich.edu/icpsrweb/ICPSR/studies/06693/datasets/0002/variables/SOCREC?archive=ICPSR
36,SOCRECA,SOCIAL PHOBIA RECENCY AGE,https://www.icpsr.umich.edu/icpsrweb/ICPSR/studies/06693/datasets/0002/variables/SOCRECA?archive=ICPSR
37,ALCDONSA,"DEPEND LIFETIME ONSET AGE, ALC",https://www.icpsr.umich.edu/icpsrweb/ICPSR/studies/06693/datasets/0002/variables/ALCDONSA?archive=ICPSR
38,ALCDREC,"DEP PROBLEM RECENCY, ALCOHOL",https://www.icpsr.umich.edu/icpsrweb/ICPSR/studies/06693/datasets/0002/variables/ALCDREC?archive=ICPSR
39,ALCDRECA,"DEP PROB RECENCY AGE, ALCOHOL",https://www.icpsr.umich.edu/icpsrweb/ICPSR/studies/06693/datasets/0002/variables/ALCDRECA?archive=ICPSR
40,ALCAONSA,"ABUSE LIFETIME ONSET AGE, ALC",https://www.icpsr.umich.edu/icpsrweb/ICPSR/studies/06693/datasets/0002/variables/ALCAONSA?archive=ICPSR
41,ALCAREC,"ABUSE SYMPTOM RECENCY, ALCOHOL",https://www.icpsr.umich.edu/icpsrweb/ICPSR/studies/06693/datasets/0002/variables/ALCAREC?archive=ICPSR
42,ALCARECA,"ABUSE SYMPTOM REC AGE, ALCOHOL",https://www.icpsr.umich.edu/icpsrweb/ICPSR/studies/06693/datasets/0002/variables/ALCARECA?archive=ICPSR
43,DRGDONSA,"DEPEND LIFE ONSET AGE, CON SUB",https://www.icpsr.umich.edu/icpsrweb/ICPSR/studies/06693/datasets/0002/variables/DRGDONSA?archive=ICPSR
44,DRGDREC,"DEP PROBLEM RECENCY, CON SUB",https://www.icpsr.umich.edu/icpsrweb/ICPSR/studies/06693/datasets/0002/variables/DRGDREC?archive=ICPSR
45,DRGDRECA,"DEP PROB RECENCY AGE, CON SUB",https://www.icpsr.umich.edu/icpsrweb/ICPSR/studies/06693/datasets/0002/variables/DRGDRECA?archive=ICPSR
46,DRGAONSA,"ABUSE LIFETIME ONSET AGE, CON SUB",https://www.icpsr.umich.edu/icpsrweb/ICPSR/studies/06693/datasets/0002/variables/DRGAONSA?archive=ICPSR
47,DRGAREC,"ABUSE SYMPTOM RECENCY, CON SUB",https://www.icpsr.umich.edu/icpsrweb/ICPSR/studies/06693/datasets/0002/variables/DRGAREC?archive=ICPSR
48,DRGARECA,"ABUSE SYMPTOM REC AGE, CON SUB",https://www.icpsr.umich.edu/icpsrweb/ICPSR/studies/06693/datasets/0002/variables/DRGARECA?archive=ICPSR
49,PTSDONSA,PTSD ONSET AGE,https://www.icpsr.umich.edu/icpsrweb/ICPSR/studies/06693/datasets/0002/variables/PTSDONSA?archive=ICPSR
50,PTSDONS,PTSD ONSET,https://www.icpsr.umich.edu/icpsrweb/ICPSR/studies/06693/datasets/0002/variables/PTSDONS?archive=ICPSR
51,PTSDREC,PTSD RECENCY,https://www.icpsr.umich.edu/icpsrweb/ICPSR/studies/06693/datasets/0002/variables/PTSDREC?archive=ICPSR
52,SEXF,FEMALE,https://www.icpsr.umich.edu/icpsrweb/ICPSR/studies/06693/datasets/0002/variables/SEXF?archive=ICPSR
53,P1FWT,SAMPLING WT. FOR PART I VARS. (N=8098),https://www.icpsr.umich.edu/icpsrweb/ICPSR/studies/06693/datasets/0002/variables/P1FWT?archive=ICPSR
54,AGE,TRUE/CORRECTED AGE OF R,https://www.icpsr.umich.edu/icpsrweb/ICPSR/studies/06693/datasets/0002/variables/AGE?archive=ICPSR
55,NAPONSA,NAP ONSET AGE,https://www.icpsr.umich.edu/icpsrweb/ICPSR/studies/06693/datasets/0002/variables/NAPONSA?archive=ICPSR
56,NAPREC,NON-AFFECTIVE PSYCHOSIS RECENCY,https://www.icpsr.umich.edu/icpsrweb/ICPSR/studies/06693/datasets/0002/variables/NAPREC?archive=ICPSR
57,ALCALT1,ALC ABUSE W/ OR W/O DEPENDENCE,https://www.icpsr.umich.edu/icpsrweb/ICPSR/studies/06693/datasets/0002/variables/ALCALT1?archive=ICPSR
58,ALCALT2,ALC ABUSE W/O DEPENDENCE,https://www.icpsr.umich.edu/icpsrweb/ICPSR/studies/06693/datasets/0002/variables/ALCALT2?archive=ICPSR
59,ALCDLT,ALC DEPENDENCE,https://www.icpsr.umich.edu/icpsrweb/ICPSR/studies/06693/datasets/0002/variables/ALCDLT?archive=ICPSR
60,DRGALT1,DRG ABUSE W/ OR W/O DEPENDENCE,https://www.icpsr.umich.edu/icpsrweb/ICPSR/studies/06693/datasets/0002/variables/DRGALT1?archive=ICPSR
61,DRGALT2,DRG ABUSE W/O DEPENDENCE,https://www.icpsr.umich.edu/icpsrweb/ICPSR/studies/06693/datasets/0002/variables/DRGALT2?archive=ICPSR
62,DRGDLT,DRG DEPENDENCE,https://www.icpsr.umich.edu/icpsrweb/ICPSR/studies/06693/datasets/0002/variables/DRGDLT?archive=ICPSR
63,DEPLT1,MAJOR DEPRESSION W/O HIERARCHY,https://www.icpsr.umich.edu/icpsrweb/ICPSR/studies/06693/datasets/0002/variables/DEPLT1?archive=ICPSR
64,DEPLT2,MAJOR DEPRESSION W/ HIERARCHY,https://www.icpsr.umich.edu/icpsrweb/ICPSR/studies/06693/datasets/0002/variables/DEPLT2?archive=ICPSR
65,DYSLT1,DYSTHYMIA W/O HIERARCHY,https://www.icpsr.umich.edu/icpsrweb/ICPSR/studies/06693/datasets/0002/variables/DYSLT1?archive=ICPSR
66,DYSLT2,DYSTHYMIA W/ HIERARCHY,https://www.icpsr.umich.edu/icpsrweb/ICPSR/studies/06693/datasets/0002/variables/DYSLT2?archive=ICPSR
67,BP1LT1,BIPOLAR I W/O HIERARCHY: OLD MAN6,https://www.icpsr.umich.edu/icpsrweb/ICPSR/studies/06693/datasets/0002/variables/BP1LT1?archive=ICPSR
68,BP1LT2,BIPOLAR I W/ HIERARCHY: OLD MAN2,https://www.icpsr.umich.edu/icpsrweb/ICPSR/studies/06693/datasets/0002/variables/BP1LT2?archive=ICPSR
69,MANLT1,NEW MANIA W/O HIERARCHY,https://www.icpsr.umich.edu/icpsrweb/ICPSR/studies/06693/datasets/0002/variables/MANLT1?archive=ICPSR
70,MANLT2,NEW MANIA W/ HIERARCHY,https://www.icpsr.umich.edu/icpsrweb/ICPSR/studies/06693/datasets/0002/variables/MANLT2?archive=ICPSR
71,GADLT1,GENERALIZED ANXIETY DISORDER W/O HIERARC,https://www.icpsr.umich.edu/icpsrweb/ICPSR/studies/06693/datasets/0002/variables/GADLT1?archive=ICPSR
72,GADLT2,GENERALIZED ANXIETY DISORDER W/ HIERARCH,https://www.icpsr.umich.edu/icpsrweb/ICPSR/studies/06693/datasets/0002/variables/GADLT2?archive=ICPSR
73,SOCLT,SOCIAL PHOBIA,https://www.icpsr.umich.edu/icpsrweb/ICPSR/studies/06693/datasets/0002/variables/SOCLT?archive=ICPSR
74,SIMLT,SIMPLE PHOBIA,https://www.icpsr.umich.edu/icpsrweb/ICPSR/studies/06693/datasets/0002/variables/SIMLT?archive=ICPSR
75,PDLT,PANIC DISORDER,https://www.icpsr.umich.edu/icpsrweb/ICPSR/studies/06693/datasets/0002/variables/PDLT?archive=ICPSR
76,PTLT,PANIC ATTACK,https://www.icpsr.umich.edu/icpsrweb/ICPSR/studies/06693/datasets/0002/variables/PTLT?archive=ICPSR
77,AGOLT1,AGORAPHOBIA W/ OR W/O PD,https://www.icpsr.umich.edu/icpsrweb/ICPSR/studies/06693/datasets/0002/variables/AGOLT1?archive=ICPSR
78,AGOLT2,AGORAPHOBIA W/O PD,https://www.icpsr.umich.edu/icpsrweb/ICPSR/studies/06693/datasets/0002/variables/AGOLT2?archive=ICPSR
79,PTSDLT,POST-TRAUMATIC STRESS DISORDER,https://www.icpsr.umich.edu/icpsrweb/ICPSR/studies/06693/datasets/0002/variables/PTSDLT?archive=ICPSR
80,NAPLT,NON-AFFECTIVE PSYCHOSIS: CLINICAL BROAD,https://www.icpsr.umich.edu/icpsrweb/ICPSR/studies/06693/datasets/0002/variables/NAPLT?archive=ICPSR
81,NAPONS,ALL ONSETS TOOK PLACE A YEAR AGO,https://www.icpsr.umich.edu/icpsrweb/ICPSR/studies/06693/datasets/0002/variables/NAPONS?archive=ICPSR
82,AABLT,ADULT ANTISOCIAL BEHAVIOR,https://www.icpsr.umich.edu/icpsrweb/ICPSR/studies/06693/datasets/0002/variables/AABLT?archive=ICPSR
83,CDLT,CONDUCT DISORDER,https://www.icpsr.umich.edu/icpsrweb/ICPSR/studies/06693/datasets/0002/variables/CDLT?archive=ICPSR
84,ASPLT1,ANTI-SOCIAL PERSONALITY DIS. W/O HIER.,https://www.icpsr.umich.edu/icpsrweb/ICPSR/studies/06693/datasets/0002/variables/ASPLT1?archive=ICPSR
85,ASPLT2,ANTI-SOCIAL PERSONALITY DIS. W/ HIER.,https://www.icpsr.umich.edu/icpsrweb/ICPSR/studies/06693/datasets/0002/variables/ASPLT2?archive=ICPSR
86,NAPYR,12MTH NON-AFFECTIVE PSYCHOSIS,https://www.icpsr.umich.edu/icpsrweb/ICPSR/studies/06693/datasets/0002/variables/NAPYR?archive=ICPSR
87,NAP6M,6MTH NON-AFFECTIVE PSYCHOSIS,https://www.icpsr.umich.edu/icpsrweb/ICPSR/studies/06693/datasets/0002/variables/NAP6M?archive=ICPSR
88,NAP1M,1MTH NON-AFFECTIVE PSYCHOSIS,https://www.icpsr.umich.edu/icpsrweb/ICPSR/studies/06693/datasets/0002/variables/NAP1M?archive=ICPSR
89,ALCDYR1,12MTH ALC DEPENDENCE-BROAD,https://www.icpsr.umich.edu/icpsrweb/ICPSR/studies/06693/datasets/0002/variables/ALCDYR1?archive=ICPSR
90,ALCDYR2,12MTH ALC DEPENDENCE-NARROW,https://www.icpsr.umich.edu/icpsrweb/ICPSR/studies/06693/datasets/0002/variables/ALCDYR2?archive=ICPSR
91,DRGDYR1,12MTH DRG DEPENDENCE-BROAD,https://www.icpsr.umich.edu/icpsrweb/ICPSR/studies/06693/datasets/0002/variables/DRGDYR1?archive=ICPSR
92,DRGDYR2,12MTH DRG DEPENDENCE-NARROW,https://www.icpsr.umich.edu/icpsrweb/ICPSR/studies/06693/datasets/0002/variables/DRGDYR2?archive=ICPSR
93,ALCAYR3,12MTH ALC ABUSE: NARROW,https://www.icpsr.umich.edu/icpsrweb/ICPSR/studies/06693/datasets/0002/variables/ALCAYR3?archive=ICPSR
94,ALCAYR2,12MTH ALC ABUSE: INTERMEDIATE,https://www.icpsr.umich.edu/icpsrweb/ICPSR/studies/06693/datasets/0002/variables/ALCAYR2?archive=ICPSR
95,ALCAYR1,12MTH ALC ABUSE: BROAD,https://www.icpsr.umich.edu/icpsrweb/ICPSR/studies/06693/datasets/0002/variables/ALCAYR1?archive=ICPSR
96,DRGAYR3,12MTH DRG ABUSE: NARROW,https://www.icpsr.umich.edu/icpsrweb/ICPSR/studies/06693/datasets/0002/variables/DRGAYR3?archive=ICPSR
97,DRGAYR2,12MTH DRG ABUSE: INTERMEDIATE,https://www.icpsr.umich.edu/icpsrweb/ICPSR/studies/06693/datasets/0002/variables/DRGAYR2?archive=ICPSR
98,DRGAYR1,12MTH DRG ABUSE: BROAD,https://www.icpsr.umich.edu/icpsrweb/ICPSR/studies/06693/datasets/0002/variables/DRGAYR1?archive=ICPSR
99,DEPYR1,12MTH MAJOR DEPRESSION W/O HIERARCHY,https://www.icpsr.umich.edu/icpsrweb/ICPSR/studies/06693/datasets/0002/variables/DEPYR1?archive=ICPSR
100,DEPYR2,12MTH MAJOR DEPRESSION W/ HIERARCHY,https://www.icpsr.umich.edu/icpsrweb/ICPSR/studies/06693/datasets/0002/variables/DEPYR2?archive=ICPSR
101,BP1YR1,12MTH BIPOLAR I W/O HIERARCHY: OLD MAN6,https://www.icpsr.umich.edu/icpsrweb/ICPSR/studies/06693/datasets/0002/variables/BP1YR1?archive=ICPSR
102,BP1YR2,12MTH BIPOLAR I W/ HIERARCHY: OLD MAN2,https://www.icpsr.umich.edu/icpsrweb/ICPSR/studies/06693/datasets/0002/variables/BP1YR2?archive=ICPSR
103,MANYR1,12MTH NEW MANIA W/O HIERARCHY,https://www.icpsr.umich.edu/icpsrweb/ICPSR/studies/06693/datasets/0002/variables/MANYR1?archive=ICPSR
104,MANYR2,12MTH NEW MANIA W/ HIERARCHY,https://www.icpsr.umich.edu/icpsrweb/ICPSR/studies/06693/datasets/0002/variables/MANYR2?archive=ICPSR
105,DYSYR1,12MTH DYSTHYMIA W/O HIERARCHY,https://www.icpsr.umich.edu/icpsrweb/ICPSR/studies/06693/datasets/0002/variables/DYSYR1?archive=ICPSR
106,DYSYR2,12MTH DYSTHYMIA W/ HIERARCHY,https://www.icpsr.umich.edu/icpsrweb/ICPSR/studies/06693/datasets/0002/variables/DYSYR2?archive=ICPSR
107,PDYR,12MTH PANIC DISORDER,https://www.icpsr.umich.edu/icpsrweb/ICPSR/studies/06693/datasets/0002/variables/PDYR?archive=ICPSR
108,PTYR,12MTH PANIC ATTACK,https://www.icpsr.umich.edu/icpsrweb/ICPSR/studies/06693/datasets/0002/variables/PTYR?archive=ICPSR
109,AGOYR1,12MTH AGORAPHOBIA W/ OR W/O PD,https://www.icpsr.umich.edu/icpsrweb/ICPSR/studies/06693/datasets/0002/variables/AGOYR1?archive=ICPSR
110,AGOYR2,12MTH AGORAPHOBIA W/O PD,https://www.icpsr.umich.edu/icpsrweb/ICPSR/studies/06693/datasets/0002/variables/AGOYR2?archive=ICPSR
111,SOCYR,12MTH SOCIAL PHOBIA,https://www.icpsr.umich.edu/icpsrweb/ICPSR/studies/06693/datasets/0002/variables/SOCYR?archive=ICPSR
112,SIMYR,12MTH SIMPLE PHOBIA,https://www.icpsr.umich.edu/icpsrweb/ICPSR/studies/06693/datasets/0002/variables/SIMYR?archive=ICPSR
113,GADYR1,12MTH GENERALIZED ANXIETY DX W/O HIERARC,https://www.icpsr.umich.edu/icpsrweb/ICPSR/studies/06693/datasets/0002/variables/GADYR1?archive=ICPSR
114,GADYR2,12MTH GENERALIZED ANXIETY DX W/ HIERARC,https://www.icpsr.umich.edu/icpsrweb/ICPSR/studies/06693/datasets/0002/variables/GADYR2?archive=ICPSR
115,PTSDYR,12MTH POST-TRAMATIC STRESS DISORDER,https://www.icpsr.umich.edu/icpsrweb/ICPSR/studies/06693/datasets/0002/variables/PTSDYR?archive=ICPSR
116,DEP6M1,6MTH MAJOR DEPRESSION W/O HIERARCHY,https://www.icpsr.umich.edu/icpsrweb/ICPSR/studies/06693/datasets/0002/variables/DEP6M1?archive=ICPSR
117,DEP6M2,6MTH MAJOR DEPRESSION W/ HIERARCHY,https://www.icpsr.umich.edu/icpsrweb/ICPSR/studies/06693/datasets/0002/variables/DEP6M2?archive=ICPSR
118,BP16M1,6MTH BIPOLAR I W/O HIERARCHY: OLD MAN6,https://www.icpsr.umich.edu/icpsrweb/ICPSR/studies/06693/datasets/0002/variables/BP16M1?archive=ICPSR
119,BP16M2,6MTH BIPOLAR I W/ HIERARCHY: OLD MAN2,https://www.icpsr.umich.edu/icpsrweb/ICPSR/studies/06693/datasets/0002/variables/BP16M2?archive=ICPSR
120,MAN6M1,6MTH NEW MANIA W/O HIERARCHY,https://www.icpsr.umich.edu/icpsrweb/ICPSR/studies/06693/datasets/0002/variables/MAN6M1?archive=ICPSR
121,MAN6M2,6MTH NEW MANIA W/ HIERARCHY,https://www.icpsr.umich.edu/icpsrweb/ICPSR/studies/06693/datasets/0002/variables/MAN6M2?archive=ICPSR
122,DYS6M1,6MTH DYSTHYMIA W/O HIERARCHY,https://www.icpsr.umich.edu/icpsrweb/ICPSR/studies/06693/datasets/0002/variables/DYS6M1?archive=ICPSR
123,DYS6M2,6MTH DYSTHYMIAW/ HIERARCHY,https://www.icpsr.umich.edu/icpsrweb/ICPSR/studies/06693/datasets/0002/variables/DYS6M2?archive=ICPSR
124,PD6M,6MTH PANIC DISORDER,https://www.icpsr.umich.edu/icpsrweb/ICPSR/studies/06693/datasets/0002/variables/PD6M?archive=ICPSR
125,PT6M,6MTH PANIC ATTACK,https://www.icpsr.umich.edu/icpsrweb/ICPSR/studies/06693/datasets/0002/variables/PT6M?archive=ICPSR
126,AGO6M1,6MTH AGORAPHOBIA W/ OR W/O PD,https://www.icpsr.umich.edu/icpsrweb/ICPSR/studies/06693/datasets/0002/variables/AGO6M1?archive=ICPSR
127,AGO6M2,6MTH AGORAPHOBIA W/O PD,https://www.icpsr.umich.edu/icpsrweb/ICPSR/studies/06693/datasets/0002/variables/AGO6M2?archive=ICPSR
128,SOC6M,6MTH SOCIAL PHOBIA,https://www.icpsr.umich.edu/icpsrweb/ICPSR/studies/06693/datasets/0002/variables/SOC6M?archive=ICPSR
129,SIM6M,6MTH SIMPLE PHOBIA,https://www.icpsr.umich.edu/icpsrweb/ICPSR/studies/06693/datasets/0002/variables/SIM6M?archive=ICPSR
130,GAD6M1,6MTH GENERALIZED ANXIETY DX W/OUT HIERARCHY,https://www.icpsr.umich.edu/icpsrweb/ICPSR/studies/06693/datasets/0002/variables/GAD6M1?archive=ICPSR
131,GAD6M2,6MTH GENERALIZED ANXIETY DX W/ HIERARCHY,https://www.icpsr.umich.edu/icpsrweb/ICPSR/studies/06693/datasets/0002/variables/GAD6M2?archive=ICPSR
132,PTSD6M,6MTH POST-TRAMATIC STRESS DISORDER,https://www.icpsr.umich.edu/icpsrweb/ICPSR/studies/06693/datasets/0002/variables/PTSD6M?archive=ICPSR
133,DEP1M1,1MTH MAJOR DEPRESSION W/O HIERARCHY,https://www.icpsr.umich.edu/icpsrweb/ICPSR/studies/06693/datasets/0002/variables/DEP1M1?archive=ICPSR
134,DEP1M2,1MTH MAJOR DEPRESSION W/ HIERARCHY,https://www.icpsr.umich.edu/icpsrweb/ICPSR/studies/06693/datasets/0002/variables/DEP1M2?archive=ICPSR
135,BP11M1,1MTH BIPOLAR I W/O HIERARCHY: OLD MAN1,https://www.icpsr.umich.edu/icpsrweb/ICPSR/studies/06693/datasets/0002/variables/BP11M1?archive=ICPSR
136,BP11M2,1MTH BIPOLAR I W/ HIERARCHY: OLD MAN2,https://www.icpsr.umich.edu/icpsrweb/ICPSR/studies/06693/datasets/0002/variables/BP11M2?archive=ICPSR
137,MAN1M1,1MTH NEW MANIA W/O HIERARCHY,https://www.icpsr.umich.edu/icpsrweb/ICPSR/studies/06693/datasets/0002/variables/MAN1M1?archive=ICPSR
138,MAN1M2,1MTH NEW MANIA W/ HIERARCHY,https://www.icpsr.umich.edu/icpsrweb/ICPSR/studies/06693/datasets/0002/variables/MAN1M2?archive=ICPSR
139,DYS1M1,1MTH DYSTHYMIA W/O HIERARCHY,https://www.icpsr.umich.edu/icpsrweb/ICPSR/studies/06693/datasets/0002/variables/DYS1M1?archive=ICPSR
140,DYS1M2,1MTH DYSTHYMIA W/ HIERARCHY,https://www.icpsr.umich.edu/icpsrweb/ICPSR/studies/06693/datasets/0002/variables/DYS1M2?archive=ICPSR
141,PD1M,1MTH PANIC DISORDER,https://www.icpsr.umich.edu/icpsrweb/ICPSR/studies/06693/datasets/0002/variables/PD1M?archive=ICPSR
142,PT1M,1MTH PANIC ATTACK,https://www.icpsr.umich.edu/icpsrweb/ICPSR/studies/06693/datasets/0002/variables/PT1M?archive=ICPSR
143,AGO1M1,1MTH AGORAPHOBIA W/ OR W/O PD,https://www.icpsr.umich.edu/icpsrweb/ICPSR/studies/06693/datasets/0002/variables/AGO1M1?archive=ICPSR
144,AGO1M2,1MTH AGORAPHOBIA W/O PD,https://www.icpsr.umich.edu/icpsrweb/ICPSR/studies/06693/datasets/0002/variables/AGO1M2?archive=ICPSR
145,SOC1M,1MTH SOCIAL PHOBIA,https://www.icpsr.umich.edu/icpsrweb/ICPSR/studies/06693/datasets/0002/variables/SOC1M?archive=ICPSR
146,SIM1M,1MTH SIMPLE PHOBIA,https://www.icpsr.umich.edu/icpsrweb/ICPSR/studies/06693/datasets/0002/variables/SIM1M?archive=ICPSR
147,GAD1M1,1MTH GENERALIZED ANXIETY DX W/OUT HIERARCHY,https://www.icpsr.umich.edu/icpsrweb/ICPSR/studies/06693/datasets/0002/variables/GAD1M1?archive=ICPSR
148,GAD1M2,1MTH GENERALIZED ANXIETY DX W/ HIERARCHY,https://www.icpsr.umich.edu/icpsrweb/ICPSR/studies/06693/datasets/0002/variables/GAD1M2?archive=ICPSR
149,PTSD1M,1MTH POST-TRAMATIC STRESS DISORDER,https://www.icpsr.umich.edu/icpsrweb/ICPSR/studies/06693/datasets/0002/variables/PTSD1M?archive=ICPSR
150,PTSDRECA,PTSD RECENCY AGE,https://www.icpsr.umich.edu/icpsrweb/ICPSR/studies/06693/datasets/0002/variables/PTSDRECA?archive=ICPSR
151,R4EG,REGION CATEGORIES,https://www.icpsr.umich.edu/icpsrweb/ICPSR/studies/06693/datasets/0002/variables/R4EG?archive=ICPSR
152,OLDAGE,VARIABLE NO LONGER IN USE,https://www.icpsr.umich.edu/icpsrweb/ICPSR/studies/06693/datasets/0002/variables/OLDAGE?archive=ICPSR
153,SEX,SEX,https://www.icpsr.umich.edu/icpsrweb/ICPSR/studies/06693/datasets/0002/variables/SEX?archive=ICPSR
154,EDUC,NUMBER OF YEARS IN FORMAL EDUCATION AT I,https://www.icpsr.umich.edu/icpsrweb/ICPSR/studies/06693/datasets/0002/variables/EDUC?archive=ICPSR
155,HHCOMP,HOUSEHOLD COMPOSITION,https://www.icpsr.umich.edu/icpsrweb/ICPSR/studies/06693/datasets/0002/variables/HHCOMP?archive=ICPSR
156,EDCAT,EDUCATION CATEGORIES,https://www.icpsr.umich.edu/icpsrweb/ICPSR/studies/06693/datasets/0002/variables/EDCAT?archive=ICPSR
157,OLDAGCAT,VARIABLE NO LONGER IN USE,https://www.icpsr.umich.edu/icpsrweb/ICPSR/studies/06693/datasets/0002/variables/OLDAGCAT?archive=ICPSR
158,SEASON,SEASON OF INTERVIEW START,https://www.icpsr.umich.edu/icpsrweb/ICPSR/studies/06693/datasets/0002/variables/SEASON?archive=ICPSR
159,MARSTAT,MARITAL STATUS CATEGORIES,https://www.icpsr.umich.edu/icpsrweb/ICPSR/studies/06693/datasets/0002/variables/MARSTAT?archive=ICPSR
160,REL,RELIGION CATEGORIES,https://www.icpsr.umich.edu/icpsrweb/ICPSR/studies/06693/datasets/0002/variables/REL?archive=ICPSR
161,RACE,FOUR RACE CATEGORIES,https://www.icpsr.umich.edu/icpsrweb/ICPSR/studies/06693/datasets/0002/variables/RACE?archive=ICPSR
162,WKHRS,# HRS WORKED/WEEK,https://www.icpsr.umich.edu/icpsrweb/ICPSR/studies/06693/datasets/0002/variables/WKHRS?archive=ICPSR
163,SELFEMP2,SELF-EMPLOYED,https://www.icpsr.umich.edu/icpsrweb/ICPSR/studies/06693/datasets/0002/variables/SELFEMP2?archive=ICPSR
164,INCOME,TOTAL FAMILY INCOME,https://www.icpsr.umich.edu/icpsrweb/ICPSR/studies/06693/datasets/0002/variables/INCOME?archive=ICPSR
165,SEXM,MALE,https://www.icpsr.umich.edu/icpsrweb/ICPSR/studies/06693/datasets/0002/variables/SEXM?archive=ICPSR
166,OLDAG15,VARIABLE NO LONGER IN USE,https://www.icpsr.umich.edu/icpsrweb/ICPSR/studies/06693/datasets/0002/variables/OLDAG15?archive=ICPSR
167,OLDAG25,VARIABLE NO LONGER IN USE,https://www.icpsr.umich.edu/icpsrweb/ICPSR/studies/06693/datasets/0002/variables/OLDAG25?archive=ICPSR
168,OLDAG35,VARIABLE NO LONGER IN USE,https://www.icpsr.umich.edu/icpsrweb/ICPSR/studies/06693/datasets/0002/variables/OLDAG35?archive=ICPSR
169,OLDAG45,VARIABLE NO LONGER IN USE,https://www.icpsr.umich.edu/icpsrweb/ICPSR/studies/06693/datasets/0002/variables/OLDAG45?archive=ICPSR
170,RWH,"RACE/ETHNICITY, WHITE",https://www.icpsr.umich.edu/icpsrweb/ICPSR/studies/06693/datasets/0002/variables/RWH?archive=ICPSR
171,RBL,"RACE/ETHNICITY, BLACK",https://www.icpsr.umich.edu/icpsrweb/ICPSR/studies/06693/datasets/0002/variables/RBL?archive=ICPSR
172,RHSP,"RACE/ETHNICITY, HISPANIC",https://www.icpsr.umich.edu/icpsrweb/ICPSR/studies/06693/datasets/0002/variables/RHSP?archive=ICPSR
173,ROTHR,"RACE/ETHNICITY, OTHER",https://www.icpsr.umich.edu/icpsrweb/ICPSR/studies/06693/datasets/0002/variables/ROTHR?archive=ICPSR
174,ED011,0-11 YEARS OF EDUCATION,https://www.icpsr.umich.edu/icpsrweb/ICPSR/studies/06693/datasets/0002/variables/ED011?archive=ICPSR
175,ED12,12 YEARS OF EDUCATION,https://www.icpsr.umich.edu/icpsrweb/ICPSR/studies/06693/datasets/0002/variables/ED12?archive=ICPSR
176,ED1315,13-15 YEARS OF EDUCATION,https://www.icpsr.umich.edu/icpsrweb/ICPSR/studies/06693/datasets/0002/variables/ED1315?archive=ICPSR
177,ED16,16+ YEARS OF EDUCATION,https://www.icpsr.umich.edu/icpsrweb/ICPSR/studies/06693/datasets/0002/variables/ED16?archive=ICPSR
178,IN0119,"INCOME $1-$19,999",https://www.icpsr.umich.edu/icpsrweb/ICPSR/studies/06693/datasets/0002/variables/IN0119?archive=ICPSR
179,IN2034,"INCOME $20,000-$34,999",https://www.icpsr.umich.edu/icpsrweb/ICPSR/studies/06693/datasets/0002/variables/IN2034?archive=ICPSR
180,IN3569,"INCOME $35,000-$69,999",https://www.icpsr.umich.edu/icpsrweb/ICPSR/studies/06693/datasets/0002/variables/IN3569?archive=ICPSR
181,MARCOH,"MARITAL STATUS, COHABITING",https://www.icpsr.umich.edu/icpsrweb/ICPSR/studies/06693/datasets/0002/variables/MARCOH?archive=ICPSR
182,MARSWD,"MARITAL STATUS, SEP./WIDOWED/DIVORCED",https://www.icpsr.umich.edu/icpsrweb/ICPSR/studies/06693/datasets/0002/variables/MARSWD?archive=ICPSR
183,MARNEV,"MARITAL STATUS, NEVER MARRIED",https://www.icpsr.umich.edu/icpsrweb/ICPSR/studies/06693/datasets/0002/variables/MARNEV?archive=ICPSR
184,RELPR,"RELIGION, PROTESTANT",https://www.icpsr.umich.edu/icpsrweb/ICPSR/studies/06693/datasets/0002/variables/RELPR?archive=ICPSR
185,RELC,"RELIGION, CATHOLIC",https://www.icpsr.umich.edu/icpsrweb/ICPSR/studies/06693/datasets/0002/variables/RELC?archive=ICPSR
186,RELOTH,"RELIGION, OTHER",https://www.icpsr.umich.edu/icpsrweb/ICPSR/studies/06693/datasets/0002/variables/RELOTH?archive=ICPSR
187,RELNOPR,"RELIGION, NO PREFERENCE",https://www.icpsr.umich.edu/icpsrweb/ICPSR/studies/06693/datasets/0002/variables/RELNOPR?archive=ICPSR
188,HHALON,"HOUSEHOLD COMPOSITION, LIVES ALONE",https://www.icpsr.umich.edu/icpsrweb/ICPSR/studies/06693/datasets/0002/variables/HHALON?archive=ICPSR
189,HHSP,"HOUSEHOLD COMPOSITION, SPOUSE/PARTNER",https://www.icpsr.umich.edu/icpsrweb/ICPSR/studies/06693/datasets/0002/variables/HHSP?archive=ICPSR
190,HHWPAR,"HOUSEHOLD COMPOSITION, PARENTS",https://www.icpsr.umich.edu/icpsrweb/ICPSR/studies/06693/datasets/0002/variables/HHWPAR?archive=ICPSR
191,HHOTHR,"HOUSEHOLD COMPOSITION, OTHER",https://www.icpsr.umich.edu/icpsrweb/ICPSR/studies/06693/datasets/0002/variables/HHOTHR?archive=ICPSR
192,R4NE,"REGION, NORTHEAST",https://www.icpsr.umich.edu/icpsrweb/ICPSR/studies/06693/datasets/0002/variables/R4NE?archive=ICPSR
193,R4MW,"REGION, MIDWEST",https://www.icpsr.umich.edu/icpsrweb/ICPSR/studies/06693/datasets/0002/variables/R4MW?archive=ICPSR
194,R4S,"REGION, SOUTH",https://www.icpsr.umich.edu/icpsrweb/ICPSR/studies/06693/datasets/0002/variables/R4S?archive=ICPSR
195,R4W,"REGION, WEST",https://www.icpsr.umich.edu/icpsrweb/ICPSR/studies/06693/datasets/0002/variables/R4W?archive=ICPSR
196,SWIN,"SEASON, WINTER",https://www.icpsr.umich.edu/icpsrweb/ICPSR/studies/06693/datasets/0002/variables/SWIN?archive=ICPSR
197,SSPR,"SEASON, SPRING",https://www.icpsr.umich.edu/icpsrweb/ICPSR/studies/06693/datasets/0002/variables/SSPR?archive=ICPSR
198,SSUM,"SEASON, SUMMER",https://www.icpsr.umich.edu/icpsrweb/ICPSR/studies/06693/datasets/0002/variables/SSUM?archive=ICPSR
199,SFAL,"SEASON, FALL",https://www.icpsr.umich.edu/icpsrweb/ICPSR/studies/06693/datasets/0002/variables/SFAL?archive=ICPSR
200,IN0,NO INCOME,https://www.icpsr.umich.edu/icpsrweb/ICPSR/studies/06693/datasets/0002/variables/IN0?archive=ICPSR
201,IN70,"INCOME $70,000+",https://www.icpsr.umich.edu/icpsrweb/ICPSR/studies/06693/datasets/0002/variables/IN70?archive=ICPSR
202,INCDOL,"INCOME, DOLLARS",https://www.icpsr.umich.edu/icpsrweb/ICPSR/studies/06693/datasets/0002/variables/INCDOL?archive=ICPSR
203,INCPERS,PERSONAL INCOME (REGRESSION-BASED),https://www.icpsr.umich.edu/icpsrweb/ICPSR/studies/06693/datasets/0002/variables/INCPERS?archive=ICPSR
204,STR,STRATUM,https://www.icpsr.umich.edu/icpsrweb/ICPSR/studies/06693/datasets/0002/variables/STR?archive=ICPSR
205,SECU,SAMPLING ERROR COMPUTATION UNIT,https://www.icpsr.umich.edu/icpsrweb/ICPSR/studies/06693/datasets/0002/variables/SECU?archive=ICPSR
206,AGCAT,AGE CATEGORIES,https://www.icpsr.umich.edu/icpsrweb/ICPSR/studies/06693/datasets/0002/variables/AGCAT?archive=ICPSR
207,AG15,AGES 15-24 YEARS,https://www.icpsr.umich.edu/icpsrweb/ICPSR/studies/06693/datasets/0002/variables/AG15?archive=ICPSR
208,AG25,AGES 25-34 YEARS,https://www.icpsr.umich.edu/icpsrweb/ICPSR/studies/06693/datasets/0002/variables/AG25?archive=ICPSR
209,AG35,AGES 35-44 YEARS,https://www.icpsr.umich.edu/icpsrweb/ICPSR/studies/06693/datasets/0002/variables/AG35?archive=ICPSR
210,AG45,AGES 45-54 YEARS,https://www.icpsr.umich.edu/icpsrweb/ICPSR/studies/06693/datasets/0002/variables/AG45?archive=ICPSR
211,INCAT,INCOME CATEGORIES,https://www.icpsr.umich.edu/icpsrweb/ICPSR/studies/06693/datasets/0002/variables/INCAT?archive=ICPSR
212,IN0019,"INCOME $0-$19,999",https://www.icpsr.umich.edu/icpsrweb/ICPSR/studies/06693/datasets/0002/variables/IN0019?archive=ICPSR
213,HHNUM,# PERSONS IN HH (ANY AGE),https://www.icpsr.umich.edu/icpsrweb/ICPSR/studies/06693/datasets/0002/variables/HHNUM?archive=ICPSR
214,OLDP2FWT,VARIABLE NO LONGER IN USE,https://www.icpsr.umich.edu/icpsrweb/ICPSR/studies/06693/datasets/0002/variables/OLDP2FWT?archive=ICPSR
215,P2WTV2,VARIABLE NO LONGER IN USE,https://www.icpsr.umich.edu/icpsrweb/ICPSR/studies/06693/datasets/0002/variables/P2WTV2?archive=ICPSR
216,PVT,DICHOTOMY POVERTY VARIABLE,https://www.icpsr.umich.edu/icpsrweb/ICPSR/studies/06693/datasets/0002/variables/PVT?archive=ICPSR
217,PVTRT,RATIO OF FAMILY INCOME TO POVERTY THRESH,https://www.icpsr.umich.edu/icpsrweb/ICPSR/studies/06693/datasets/0002/variables/PVTRT?archive=ICPSR
218,P2WTV3,SAMPLING WT. FOR PART II VARS. (N=5877),https://www.icpsr.umich.edu/icpsrweb/ICPSR/studies/06693/datasets/0002/variables/P2WTV3?archive=ICPSR
219,EMP,EMPLOYMENT STATUS (RECODE NCSDXDM1),https://www.icpsr.umich.edu/icpsrweb/ICPSR/studies/06693/datasets/0002/variables/EMP?archive=ICPSR
220,EMPST,STUDENT (RECODE NCSDXDM1),https://www.icpsr.umich.edu/icpsrweb/ICPSR/studies/06693/datasets/0002/variables/EMPST?archive=ICPSR
221,EMPW,WORKER (RECODE NCSDXDM1),https://www.icpsr.umich.edu/icpsrweb/ICPSR/studies/06693/datasets/0002/variables/EMPW?archive=ICPSR
222,EMPH,HOMEMAKER (RECODE NCSDXDM1),https://www.icpsr.umich.edu/icpsrweb/ICPSR/studies/06693/datasets/0002/variables/EMPH?archive=ICPSR
223,EMPOTH,OTHER (RECODE NCSDXDM1),https://www.icpsr.umich.edu/icpsrweb/ICPSR/studies/06693/datasets/0002/variables/EMPOTH?archive=ICPSR
